gen_name,gen_cat,count,per_fake,gen_per,gender,dim,char_list
lady,lady,102,7.172252,-13.298566,2,0,"Lady Blackhawk | Lady Shiva | Lady Vic | Lady Eve | Phantom Lady | Lady Luna | Ladytron | Lady Blaze | Lady Liberty | Gray Lady | Lady Flash | Lady Tawna | Lady Jamma | Lady Clayface | Lady Quark | Lady Lunar | Lady Chian | Lady Merria | Sable Lady | Lady Luck | Spider Lady | Lady Celia | Lady Sonar | Lady Viper | Lady Styx | Lady Memory | Lady Spellbinder | Lady Frankenstein | Lady Chronos | Lady Turquoise | Hamburger Lady | Lady Liberty | Lady Cop | Ladybug | Lady Zand | Lady Amethyst | Lady Sapphire | Lady Moonstone | Lady Aquamarine | Lady Sardonyx | Dagger Lady | Lady Danger | Lady Laminate | Lady Bluuz | Lady Mordiel | Twilight Lady | Phantom Lady | Lady Senshe | Lady Marabunta | Lady Tiger Fist | Lady Weeds | Lady Pelikaia | Ladybug | Lady Sutherland | Lady Ayleen Valiante | Snake Lady | Lady Ashley | Wart Lady | Iron Lady | Granite Lady | Djinn,Lady of the Lightning | Lady Kala | Lady Deathstrike | Ladyhawk | Lady Burning Fish | Lady Mastermind | Lady Lark | Lady Ursula | Lady Octopus | Lady Luck | Lady Vermin | Kidney Lady | Lady London | Cousin Betsy The Plant Lady | Lady Janice | Lady Tuvia | Lady Rosamund | Lady Daemon | Asbestos Lady | Lady Grey | Pink Lady | Lady Bullseye | Lady Trident | Lady Yune | Lady Jane | Lady of Ten Suns | Lady Jessica | Lady Tenelle | Lady Deadpool | Lady Stilt-Man | Lady Fynn-Geres | Lady Gorgon | Lady Shadra | Lady Sif (Cho-Foster) | Lady Lark (Cadaver) | Lady Allana | Lady Alophic | Lady Waziria | Lady Mary Dering | Lady Spider | Lady Caterpillar | Lady Hellbender"
mrs.,mrs.,98,19.282775,-12.777053,2,0,Mrs. Abernathy | Mrs. Cloud | Mrs. Washington | Mrs. Cricket | Mrs. Avilia | Mrs. Peabody | Mrs. Tusky The Walrus | Mrs. Eisenmann | Mrs. Lefferts | Mrs. Sebastian | Mrs. Peterson | Mrs. Carling | Mrs. Corey | Mrs. Goldstein | Mrs. Vorpal | Mrs. Quinch | Mrs. Millbrook | Mrs. Marigold | Mrs. Anders | Mrs. Magruder | Mrs. Higgins | Mrs. Olsen | Mrs. Ophelia Templeton | Mrs. Culver | Mrs. Nagle | Mrs. Craig | Mrs. Red Ryan | Mrs. Rocky Davis | Mrs. Haley | Mrs. Blanding | Mrs. Cranston | Mrs. Puptent | Mrs. Green | Mrs. Lang | Mrs. Levy | Mrs. Lavalle | Mrs. Franklin | Mrs. Prescott | Mrs. Weidemeir | Mrs. Terrific | Mrs. Hyde | Mrs. Forthwright | Mrs. Trapp | Mrs. Nyxly | Mrs. Chilton | Mrs. Garrick | Mrs. Talbot | Mrs. Carlyle | Mrs. Whitney | Mrs. Gotrox | Mrs. Gotlotz | Mrs. Steel | Mrs. Gottbucks | Mrs. Harrison | Mrs. Warren | Mrs. Martineau | Mrs. Jones | Mrs. Claus | Mrs. Chen | Mrs. Domaine | Mrs. Takahara | Mrs. Burkiss | Mrs. Stewart | Mrs. McMonster | Mrs. Epstein | Mrs. Pearse | Mrs. Cassada | Mrs. Muggins | Mrs. Rhodes | Mrs. Jonathan Ridge | Mrs. Jenks | Mrs. Page | Mrs. Pringle | Mrs. Lee | Mrs. Wyncham | Mrs. Stevenson | Mrs. Gwynn | Mrs. Tickle | Mrs. Borkowski | Mrs. Williams | Mrs. Cohuelo | Mrs. Abbott | Mrs. Macik | Mrs. Abidemi | Mrs. Sabahnur | Mrs. Rottwell | Mrs. Livitz | Mrs. Miller | Mrs. Aldine | Mrs. Camacho | Mrs. Junko | Mrs. Jarvis | Mrs. Gallows | Mrs. Dean | Mrs. Feedle | Mrs. Schaefer | Mrs. Harmon | Mrs. Hoskins
girl,girl,97,5.114638,-12.646675,2,1,"Dream Girl | Phantom Girl | Duplicate Girl | Saturn Girl | Bulletgirl | Supergirl | Elasti-Girl | Stargirl | Power Girl | Sensor Girl | Hawkgirl | Implicate Girl | Titangirl | Cyborgirl | Wonder Girl | Bizarro Supergirl | Merry the Gimmick Girl | Spider-Girl | Night Girl | Prairie Girl | Monstergirl | Satan Girl | Gold Girl | Mercury Girl | Lead Girl | Gas Girl | Gem Girl | Sungirl | Element Girl | Bizarro-Hawkgirl | Chameleon Girl | Rainbow Girl | Amp Girl | Snake Girl | Overgirl | Astra,Girl of the Future | Satanna the Tiger Girl | The Girl Of Glass | Gravity Girl | Catgirl | Catholic Girl | Gill Girl | Alchemical Girl | Lizard Girl | Pom Pom Girl | Birthday Girl | Buena Girl | Lava Girl | Billy the Girl | Iron Girl | Strong Girl | Sax Girl | Tiger Girl | Animal Girl | Dirty Girl | Gotham Girl | Schoolgirl | Squirrel Girl | Spider-Girl (Parker) | Ghost Girl | Ghost Girl | Dead Girl | Thor Girl | U-Go Girl | Liberty Girl | Decay Girl | Leopard Girl | Golden Girl | Sun Girl | Spider-Girl (Corazón) | Ultragirl | No-Girl | Sherry the Showgirl | Spacegirl | Cowgirl | Gorilla Girl | Glamour Girl | Glamour Girl | Arizona Girl | Icegirl | Po the Ghost Girl | Swiney-Girl | Fly-Girl | Gossip Girl | Invisible Girl Android | Goat-Faced Girl | Shark-Girl | Sun Girl | Identity Girl | Buzzsaw Girl | Derings' Servant Girl | Nature Girl | Colander Girl | Cover Girl | Moon Girl | Ready Girl | Glass Girl"
queen,queen,96,8.583186,-12.516297,2,0,"Saturn Queen | Queen Mab | Queen Bee | Queen Of Fables | Queen Marlena | Queen | Queen Tareesha | Queen Sona | Queen Of Hy-Brasil | The White Queen | Queen Of Hearts | Calorie Queen | Insect Queen | Mary,Queen of Blood | Queen Errant | Queen Latora | Queen Clea | Comet Queen | Quantum Queen | Queen Olafsdotter | Speed Queen | Queen Aga'po | Queen Azura | Aqua-Queen | Mermaid Queen | Queen Atomia | Queen Desira | Fairy Queen | Scream Queen | Moira Queen | Queen Shrike | Queen Artemis | Prom Queen | Queen Bee | Questing Queen | Giant Robot Queen | Queen Graciel | H.I.V.E. Queen | Queen Veena | Olga,Queen of the Cossacks | Queen Miraset | Queen Eidijamon | Sheba,Queen of the Desert | Queen Leila | Queen Solala | Queen Aclippe | Queen Tut | Queen Eeras | Queen Brilliance | Queen Trench | Queen Celerita | Queen Supreema | Queen Moonbeam | Queen Astra | Queen Shahrazad | Queen Knorda | Queen Isadona | Queen Bryn | Queen Hilda | Queen Repugna | Queen Divine Justice | Shadowqueen | Brood Queen | Snow Queen | Queen Mother Maraud | Red Queen | Queen Ula | Elfqueen | Queen Tananda | Queen Zartra | Queen Melissandra | Queen Kalthea | Queen | Leper Queen | Dreamqueen | Snow Queen | Fury The Goblin Queen | Queen Cat | Red Queen | Queen Korra | Queen Mother | Witch Queen | Queen Bavmorda | Ice Queen | Acid Queen | Queen Tolaria | Killer Queen | Queen Erin | Queen Gedren | Queen Hydra | Painqueen | Queen Okusana | Queen Fria | Queen Froja | Never Queen | Queen of Angels"
miss,miss,53,-6.910039,-6.910039,2,1,Miss Colby | Miss Arrowette | Miss Gsptlsnz | Miss Bovine | Miss Brackish | Miss Liberty | Miss America | Miss Downing | Miss Wentworth | Miss Grant | Miss Martian | Mammoth Miss | Miss Miracle | Miss Bloss | Miss Army Knife | Miss Helen | Miss Stellamaris | Little Miss Hollywood | Little Miss Redhead | Miss Poltergeist | Miss Tiphani | Miss Thorn | Miss Hexley | Miss Hart | Miss Bannon | Miss Whatley | Miss Evarts | Miss X | Miss Page | Miss Mash | Miss Anarky | Miss Pesta | Miss Gold | Miss Dreamface | Miss DeLaSalle | Miss Patriot | Miss America | Miss Locke | Miss Mass | Miss Itch | Miss Saccharine | Miss Ferguson | Miss Sinister | Miss Banner | Miss Glitter | Miss Hotchkiss | Miss Corbo | Miss Tanaka | Miss King | Miss Drugstore | Miss Coriander | Miss Kay | Miss Parker
sister,sister,44,2.057613,-5.736636,2,0,Sister Voice | Sister Superior | Sister Six | Sister Eighteen | Sister Camille | Sister Shadow | Sister Sentry | Sister Sercy | Sister Crystal | Sister Marks | Elbe Sister | Rhine Sister | Moon Sister | Tigris Sister | Sister Mary Rose | Sister Miracle | Sister Justine | Sister Clara | Sister Sade | Sister Soul | Sister Mary Catherine | Sister Blood | Sister Rosemary | Sister Maggie Murdock | Sister Dream | Sister Salvation | Sister Maria De La Joya | Sister Nil | Sister Gaia | Sister Marclark | Sister Pleasure | Sister Angelique | Sister Cynthia | Switchblade Sisters | Sister Nicholas | Sister Death | Sister Agony | Sister Death | Sister Agony | High Sister | Sister Jenna | Sister Mary | Sister Voodoo | Sister Pale Horse
woman,woman,44,30.922986,-5.736636,2,0,Catwoman | Wonder Woman | Superwoman | Hawkwoman | Batwoman | Tomorrow Woman | Serpent Woman | Multi-Woman | Owl Woman | Elemental Woman | Amazing Woman | Element Woman | Weeping Woman | Horsewoman | Batwoman | Aquawoman | Forever Woman | Wonder Woman 1000000 | Wanda Woman | Tiger Woman | War-Woman | Wonder Woman (earth-D) | Aquawoman | Wonder-Woman | Ghost Woman | Spider-Woman | Invisible Woman | Impossible Woman | Old Woman | Warrior Woman | Lilutu The Werewoman | Witch Woman | Spider-Woman (Veranke) | Golden Woman | Miraclewoman | Iron Woman | Dogwoman | Psycho-Woman | The Weird Woman | Fisticuff-Woman | Swordswoman | Marvel Woman | Sandwoman | Rabbit Woman
madam,madam,42,1.704879,-5.47588,2,0,Madame Xanadu | Madam Olga | Madame Waxahachie | Madame .44 | Madame Rouge | Madame Benita | Madame Van Jung | Madame Zodiac | Madame Sun | Madame Evil Eyes | Madame Zaddum | Madame Libertine | Madame Nature | Madam Yoko | Madame Macabre | Madame Razz | Madame .44 | Madam Kovar | Madame Crow | Madame Hydra | Madame Yang Kwei Fei | Madame Web | Madame Masque | Madame Qwa | Madame Slay | Madame Mauser | Madam Rapier | Madame Reneau | Madame Olga | Madame X'arthalla | Madam Macabre | Madam Drache | Madame Death | Madame Ojani | Madame Fang | Madame Modoc | Madame Hydra Six | Madame Synn | Madame Jasmine | Madame Fogwa | Madame Worm | Madame Vegan
princess,princess,41,2.057613,-5.345502,2,1,Princess Kalif | Princess Evalina | Princess Asa | Princess Tara | Princess Topaz | Princess Emerald | Princess Emerald | Princess Alba | Princess Sarum | Princess Ingvie | Daddy's Little Princess | Princess Ramia | Princess Dana | Princess Goleeta | Princess Yasmini | Princess Ptra | Princess Octavia | Princess Althea | Princess Shao-La | Princess Akiuki Orugawa | Power Princess | Princess Ugly | Princess Kneesaa | Princess Python | Princess Teela | Princess Pearla | Princess Nepthys | Princess Fen | Princess Azir | Princess Leia | Princess Zanda | Princess Yolinda | Princess Rinda | Princess Chabela | Ice Princess | Princess of Clouds | Princess Irulan | Princess Sorsha | Power Princess (Cadaver) | Princess Lynx | Princess
mother,mother,37,1.704879,-4.82399,2,0,Mother Tierra | Mother of Champions | Mother One | Mother Herrae | Mother Zed | Blessed Mother of Clan MacDougal | Mother Mayhem | Mother Machine | The Mother | Mother Mae-Eye | Mother Skorpa | Mother Eve | Mother Mayhem (Resik) | Mother Russia | Mother Anubis | Mother | Rage Mother | Mother Grimm | Mother Herd | Reverend Mother Cetea | Mother Panic | Dark Mother | Mother Night | Mother Inferior | Mother of Pearl | Crane Mother | Mighty Mother | Big Mother | Reverend Mother Gaius Helen Mohiam | Mother Superior | Mother | Mother Abagail | Mother | Mother Matrix | Mother Bones | Mother Pran | Mother Monster
ms.,ms.,29,-3.780965,-3.780965,2,0,Ms. Universe | Ms. Mesmer | Ms. Wootenhoffer | Ms. Demeanor | Ms. Frey | X-Ms. | Ms. Mohawk | Ms. Finch | Ms. Hunter | Ms. Tartel | Ms. Karpediem | Ms. Epstein | Ms. Riley | Ms. Mulkowski | Ms. Monster From The Lost Lagoon | Ms. Puck-Man | Ms. Steed | Ms. Fortune | Ms. Cruikshank | Ms. Fischer | Ms. America | Ms. Sims | Ms. Blue | Ms. Thing | Ms. Kell | Ms. Megawatt | Ms. Andreyko | Ms. Johnson | Ms. Beachum
maid,maid,15,-1.955671,-1.955671,2,0,Little Mermaid | Moon Maiden | Ice Maiden | Primaid | Valda the Iron Maiden | Rubber Maid | Marvel Maid | Iron Maiden | Rubbermaid | Mermaid | Iron Maiden | Moon Maid | Dreaming Maiden | Iron Maiden | Barmaid
lass,lass,11,1.646091,-1.434159,2,1,Shadow Lass | Night Lass | Lightning Lass | Esper Lass | Life Lass | Prosthetic Lass | Infectious Lass | Micro Lass | Famine Lass | Superlass | Elongated Lass
doll,doll,9,-1.173403,-1.173403,2,1,Doll Girl | Death-Doll | Porcelain Doll | Doll Face | Dollhouse | China Doll | Paperdoll | Paperdoll | Doll
baroness,baroness,8,2.469136,-1.043025,2,0,Baroness Paula Von Gunther | Baroness Blitzkrieg | Baroness Von Goetz | Baroness Blood | Baroness Zemo | Baroness S'Bak | Baroness Rockler | Baroness Krieg
she-,she-,7,0.176367,-0.912647,2,0,She-Cat | She-Hawks | She-Ra | She-Hulk | Marada the She-Wolf | Ictus the She-Wolf | She-Man-Thing
countess,countess,6,1.410935,-0.782269,2,0,Countess Draska Nishki | Countess Varnoff De Mornay | Countess Mazuma | Countess Stephanie De La Spirosa | Countess Albiona | Countess
empress,empress,5,0.823045,-0.65189,2,0,Empress | Emerald Empress | Brood Empress | Empress R'Klll | Empress of the Ama
daughter,daughter,5,0.646678,-0.65189,2,1,"Joker's Daughter | Brainiac's Daughter | Sigrid,daughter of Hagbard | Astrild Storm-Daughter | Tiger's Beautiful Daughter"
duchess,duchess,3,0.823045,-0.391134,2,0,Duchess Victoria Boswick | Duchess | Duchess Belladonna
gal,gal,3,0.293945,-0.391134,2,1,SpyGal | Badgal | BadGal
mom,mom,2,0.411523,-0.260756,2,0,Mom | Kirstin's Mom
he-,she-,3,-0.912647,0.176367,1,0,He-Man | He-No | He-lix
guy,gal,5,-0.391134,0.293945,1,1,Rick The CIA Guy | The Innocent Guy | Strong Guy | Bad Guy | Bearboarguy
dad,mom,7,-0.260756,0.411523,1,0,Ding Dong Daddy | Dad | Doggie Daddy | Daddy Longlegs | Zebra Daddy | Daddy Wronglegs | Velocidad
senior,senior,9,0.529101,0.529101,1,0,Senior Waveman Kimura | Alexander Luthor Sr. | James Duffy Sr. | Rick Flag Sr | John Howlett Sr. | Joseph Danvers Sr. | J. Jonah Jameson
son,daughter,11,-0.65189,0.646678,1,1,Darkson | The Son Of The Feathered Serpent | Son of Vulcan | Son Of Saturn | Son of the Fallen | Ivar
duke,duchess,14,-0.391134,0.823045,1,0,Duke of Oil | Grand Duke Ivan Veston | Duke Walling | Duke of Deception | Duke Byron Boswick II | Duke Thomas | Duke Vepar | Duke Villagro | Duke Nukem | Duke Leto Atreides | Duke Stratosphere | Duke | Duke | Duke
emperor,empress,14,-0.65189,0.823045,1,0,Sun Emperor | Stone Emperor | Emperor Nero Fox | Emperor Varkan | Emperor Mephisto | Mad Emperor | Emperor Palpatine | Emperor None | Emperor Strabonus | Emperor Zark | Padishah Emperor Shaddam IV | Scorpius Emperor | Emperor Doombot | Emperor Edward Hammond
count,countess,24,-0.782269,1.410935,1,0,Count Drako | Count Vertigo | Count Azzo | Count Crystal | Count Karnak | Count Viras | Count Gravio | Count von Henzel | Count Berlin | Count Liib | Count Torgoff | Count Vichini | Count Sivana | Count Albert | Count Nefaria | Count Dooku | Count Duckula | Count Abyss | Count Tagar | Count Bornag Royale | Count Valenso | Count Hasimir Fenring | Count Kaoz | Count Griffon Walters
don ,don ,25,1.469724,1.469724,1,0,Don Townsend | Don Allen | Don Caballero | Don Hall | Don Morgan | Don Eagle | Don Fernando | Don Kerry | Don Drake | Don Rosseli | Don Vincenzo | Don Miguel | Don Roche di Plantageritti | Don Fernando Suarez | Don McGrath | Don Carlos | Don Hernandez Covina | Don Enrago | Big Don Drummont | Don Fortunato | Don Cervello | Don Vincenzo Pardo | Don of the Dead | Don Lamaze | Don O'Reilly
lad,lass,28,-1.434159,1.646091,1,1,Lightning Lad | Element Lad | Micro Lad | Matter-Eater Lad | Evolvo Lad | Phantom Lad | Ferro Lad | Magno Lad | Fire Lad | Antennae Lad | Astralad | Anti-Lad | Visi-Lad | Animal Lad | Size Lad | Superlad | Aqualad | Plaid Lad | Estimate Lad | Variable Lad | Psionic Lad | Power Lad | Fortress Lad | Larceny Lad | Iron Lad | Lobster Lad | Attractive Lad | Attractive Lad
sir,madam,29,-5.47588,1.704879,1,0,Big Sir | Sir Richard | Sir Real | Sir Roland | Sir Grot | Sir Edwin Kent | Sir Burlston | Sir Deeter | Sir Laser-Lot | Sir Oswald Bane | Sir Bodric Hamandala | Sir Fenton Carsley | Sir Crichton Davey | Sir Brian | Sir Percival Orifice | Sir Gordon Philips | Sir Ram | Sir Leopard | Sir Lyan | Sir Ossilot | Sir Marcus Grantby-Fox | Sir Delphis | Sir Raston | Sir Waltham Pierce | Sir Steel | Sir Benedict | Sire Ru | Sir Percy of Scandia | Sir Wulf
father,mother,29,-4.82399,1.704879,1,0,Father Daniel Leone | Highfather | Father Richard Craemer | Father Davis | Father Pierre | Father Nature | Father Tocsin | Father Martin Aquistapace | Father Lost | Grandfather | Father | Father Gunn | Father Arthur Keller | Father Michael Bowen | Father Michael Janes | Father Whitney | Father Delgado | Father Bordia | Father Ramon Joquez | Father Time | Father Thompson | Father Abbot | Father Vincent Adobe | Father Adam | Father | Father Spider | Father Diablo | Father Lantom | Father Jordan
brother,sister,35,-5.736636,2.057613,1,0,Lil' bro | Brother Blood | Brother Grimm | Brother Tan | Brother Power | Seven Deadly Brothers | Brother Zoo | Brother Rollo | Brother Drive | Brother Think | Hive Brother | Brother Hymn | Brother Night | Brother Paolo | Brother Shon | Brother Jonah | Little Brother | Brother Eyes | Brother Bete | Brothers Grimm | Brother Tode | Blood Brothers | Brother Royal | Brother Power | Brother Zed | Brother Brimstone | Brother Britman | Dog Brother #1 | Brother Nature | Bear Brother | Big Brother | Brother Mutant | Brother Inquisitor | Bruise Brother | Brother Lepain
prince,princess,35,-5.345502,2.057613,1,1,Prince Topaz | Prince Gavyn | Prince Willem | Prince Umbler | Fog Prince | Prince Moonstone | Prince Garnet | Prince | Prince Konshu | Pearly Prince | Prince Kraken | Prince Daka | Prince Peril | Prince Bayan | The Prince | Prince Dezan | Prince Wayfinder | Prince William | Prince Irham | Prince Shaitan | Prince Rey | Prince Rudolfo | Prince Gaynor The Damned | Prince of Orphans | Prince Thann of Yaralet | Prince Domenic | Prince Domenic | Prince Charming | Prince Baran | Prince Hassim | Prince Pharoid | Prince Tristan | Prince Tarn | Prince Lightstar | Prince Colwyn
baron,baroness,42,-1.043025,2.469136,1,0,Baron Winters | Baron Blitzkrieg | Baron Ruthven | Baron Bedlam | Baron Gravio | Black Baron | Bug Baron | Baron Gestapo | Baron Death | Baron Tyrano | Baron Agua Sin Gaaz | Baron Ghazz | Baron Tyme | Baron Sunday | Baron Von Goetz | Baron von Huldorf | Baron Pakloff | Baron Gottfried Von Gunther | Baron Wilford | Robber Baron | Baron Von Nastraed | Baron Mordo | Baron Helmut Zemo | Baron Heinrich Zemo | Baron von Strucker | Baron Zebek | Baron Blood (Crichton) | Dread Baron | Baron Blood (Falsworth) | Baron Sabbat | Baron Macabre | Baron Gregor Russoff | Baron Rockler | Baron Von Blitzschlag | Baron Harkonnen | Baron Brimstone | Baron Gregory Russoff | Baron Grigori Russoff | Black Baron | Baron Skullfire | Baron Dark | Baron Hugo
junior,junior,49,2.880658,2.880658,1,1,"Batman Junior | Junior Wolf | Junior | Junior Santos | Junior Musto | Bizarro Junior No. 1 | Sylvester Pussycat Junior | Superman Junior | William Dooley Junior | Junior | Junior Diaz | Junior Juniper | Microchip Junior | Brainwave Jr. | Richard Grey Jr. | Sam Bradley Jr | Roy Raymond Jr. | Thaddeus Sivana Jr. | Alan von Neumann Jr. | James Gordon Jr. | Thomas Blake, Jr. | Will Everett Jr. | Frank Baker, Jr. | Roger Jr. | James Duffy Jr. | Lucius Fox Jr. | Joe Chill, Jr. | Frankenstein, Jr. | Egghead Jr. | Perry White Jr | Jerry Debitt, Jr. | George Taylor Jr. | J. Jeremiah Jackal, Jr. | James Bond Jr | Tito Bohusk, Jr. | Warren Worthington Jr. | Joseph Danvers Jr. | Hulk Jr. | Francis Castle Jr. | Matt Slade Jr. | Henry Pym Jr | William Evans, Jr. | Nick Fury Jr. | Terrence Haller Jr. | Daniel Grimm Jr. | Roger Bochs Jr. | Arácnido Jr. | Albert Moon, Jr. | Richard Harmon, Jr."
boy,girl,87,-12.646675,5.114638,1,1,Sun Boy | Cosmic Boy | Ultra Boy | Colossal Boy | Superboy | Beast Boy | Chameleon Boy | Lagoon Boy | Polar Boy | Stone Boy | Bizarro Superboy | Bouncing Boy | Farmer Boy | The Cowboy | Duplicate Boy | Mighty Boy | Powerboy | Wonder Boy | Dead Pretty Boy | Beast Boy | Power Boy | Dynamo-Boy | Dream Boy | Golden Boy | Storm Boy | Fruit Boy | Energy Boy | All-American Boy | Arm-Fall-Off Boy | Big Atomic Lantern Boy | Solar Boy | Doomsboy | Blackout Boy | Blockade Boy | Little Boy Blue | Jungle Boy | Tex the Cowboy | Slim the Cowboy | Bradley Boys | The Invisible Ape Boy | The Boy | Sea-Boy | Boy Blue | Goldenboy | Mer-Boy | Bird-Boy | Ratboy | Jocko-Boy Vanzetti | Barber Boy | Hawkboy | Power Boy | Plague Boy | Goatboy | Birthday Boy | Toyboy | Dino Boy | Bowboy | Cowboy | Laughing Boy | Goat Boy | Leather Boy | Boy | Squid-Boy | Moon Boy | Mysterious Fanboy | Cowboy | Joyboy | Golden Boy | Pretty Boy | Jetboy | Iceboy | Jungle Boy | Rain Boy | Rex the Dog-Faced Boy | Boyo | Le Cowboy | Slaughter Boy | Bumbleboy | Iron Boy | Eye Boy | Toad Boy | Spider-Boy (Simmons) | Baby Boy | Elastic Boy | Angel Boy | Worm-Boy | Amazing Fantasy Boy
master,master,118,6.937096,6.937096,1,0,Ocean Master | Mirror Master (McCulloch) | Bushmaster | Cluemaster | Quakemaster | Judomaster | Master Jansen | Master Haim | Mastermind | Nightmaster | Overmaster | Matter Master | Atom-Master | Thief-Master Of Ramox | The Master | Chain Master | Toymaster | Mist Master | Master Jailer | Sportsmaster | The Ringmaster | The Zodiac Master | Master Hand | Jest-Master | Insect Master | Molecular Master | Gyro-Master | Planet Master | Weapons Master | The Armless Master | Time Master | Iron Master | Master Task | Bellmaster | Mirror Master (Scudder) | Master Shoju | Nightmaster | Gamesmaster | Master of Doom | Master Mayhem | Headmaster | Master Gunfighter | The Master Gardener | Grandmaster | Master Hamma | The Master of Nanda Parbat | Master Fung | Master Hong | Master Motley | Snake Master | Flame-Master | Bushmaster | Master De Stroyer | Fireworks Master | Mind Master | Mineral Master | Blade Master | Toymaster | Power Master | Puppet Master | Ringmaster | Taskmaster | Master Programmer | Master Pandemonium | Mastermind | Spymaster | Master Fazil | Soft Master | Blind Master | Master Khan | Master Key | Lightmaster | Metal Master | Gamesmaster | Master Of Vengeance | Masterblaster | Master Builder | Beastmaster | Quartermaster | Master Link | Master of the World | Master Hate | Slaymaster | Bushmaster | Monster Master | Crime-Master (Lewis) | Grandmaster | Techmaster | Stunt-Master | Mutant-Master | Icemaster | Mind Master | Master Zhao | Mastermind Excello | Master Sniper | Master Po | Master Izo | Death Master | Master Judge of the Lower Depths | Master Ecallaw | Thought Master | Past Master | Master Heku | Master Meld | Fearmaster | Fleet Master Rtas 'Vadum | Master Wilson | Crime-Master (Brant) | Crime-Master (Lewis Jr.) | Freakmaster | Dominas The Wavemaster | Mastermind (Clone) | Leafmaster | Zombie Master | Master of the Sun | Master Weaver | Mastermind | Aoi Master
lord,lady,122,-13.298566,7.172252,1,0,Lord Blaze | Lightning Lord | Rudy The Landlord | Aqualord | Lord Chaos | Thunderlord | Maxwell Lord | Lord Rrall | Lord Heraphon | Lord Finvarra | Lord Nemo | Lord Satanus | Lord Danvers | Lord Lawrence Hill | Lord Volt | Lord Satanis | Lord Claw | Overlord | Lord Sliderule | Lord Ewald Olafsdotter | Lord Galeb | Lord Dynamo | Lord Havok | Lord Scapegoat | Lord Shilling | Lord Coldrake | Lord L | Lord Conquest | Lord Aquamarine | Lord Sardonyx | Polar Lord | Lord Meh | Lord Amethyst | Lord Topaz | Lord Garnet | Lord Moonstone | Lord Ruby | Lord Diamond | Lord Emerald | Cyrus Lord | Lord Ronson | Lava Lord | Lord Ragnar | Lord Gadfrey | Lord Battle | Lord Daggor | Lord Reishan | Lord Firojha | The Lord of Nothing | Lord Adi | Lord Ffogg | Lord Donelin | Lord Eton | Lord Atherton | Lord Ashley | Biolord | Lord Vimana | Firelord | Lord Hawk | Star-Lord | Lord Nosferatu | Lord Of The Living Lightning | Lord Gator | Lord Shingen | Lord Of The Plants | Lord High Justicer | Lord Dark Wind | Lord Karnaj | Lord Templar | Lord Samedar | Lord Anon | Lord Tyger | Lord Churchill | Lord Tantalus | Lord Armageddon | Lord Rask | Lord Arno | Lord Zano | Lord I | Lord Aahmes | Lord Tuthmes | Conquer-Lord | Lord Of Dark Valley | Warlord | Dragon-Lord | Lord of Death | Overlord | Earth-Lord | Lord Majister | Crimelord | Lord Votan | Lord of Light | Lord of Light | Lord Gaea | Shadow Lord | Lord Moses | Lord Molyneux | Lord Zedd | Lord Byson | Lord Thane | Lord Montgomery Falsworth | Lord Maur-Kon | Lord Kodo | Lord Deathstrike | Lord Ultravision | Lord Defender | Ivan the Landlord | Psi-Lord | Lord Gouzar | Lordsire Droom | Lord Phyffe | Lord Ogre | Lord Elder Kalahia | Lord Robert Plunder | Lord Demonpimp | Lord Kharga | Lord Edwin Dering | Lord Remaker | Lord High Vittio | Lord Robert Greville | Alfred Lord Tennyson | Lord High Librarian
king,queen,146,-12.516297,8.583186,1,0,"Cosmic King | Suicide King | Spirit King | Clock King | Lizard King | Condiment King | King Snake | King Thar | King Hiss | King Shark | King | Dragon King | Chemical King | King Of Tears | King Iqula | King Thesily | King Randor | Jungle King | Chris King | King Faraday | King Kull | Water King | King Peeble IV | Chess King | King Savage | King Venuka | King Eric | King Tawaba | King Krypton | King Neptune | King Rikk | King Harold | Red King | King Olafsdotter | King Grayskull | King Brpxz | Kung King | Forever King | King Kraken | Sun King | King Tut | King Kandy | Calamity King | The King | King Harald | King Billy | King Chimera | King Crusher | Creature King | Old King Coal | King Samson | Accordian King | King Bullet | King Zolto | King Kosmos | Getaway King | King Bee | Clock King (Tem) | King of the Missle Men | Joker King | King Firtf | Puppet King | King Shadow | King Marov | The Dead King | Sea King | King of Cats | King of Limbs | King Fish | King Trevis | King Stearn | King Yascom | The King | Kingbat | King Zabot | Quiz King | Teddy Bear King | Planet King | King Ryus | Cryo-King | King Og | King Trench | King Blotto | King Ironsides | King Ersatz | King Diamond | King Miro | King Condor | Fisher King | Ice King | King P’Thrall | King Ekeko | Kingpin | Dragon King | Black King | King Britain | King Cobra | Hannibal King | Red King | Shadow King | Grey King | King Bedlam | Grottu King Of The Insects | Rorgg King of the Spider-Men | King Lau | Agnar,King of the Eagles | King Nestor | Sewer King | King Maddoc II | King Sumuabi | King Aosoka | Vampire King | Beast King | King Cadaver | King Kamuu | King Krono | King Arrkam | Rat King | Kingmaker | King Ytitnedion | Suicide King | King Size | King Akhîrom | Red King | King Primus | Kingo Sunen | King Cycle | The Crimson King | King Hyperion | Pegas the Pirate King | King Coal | Jareth the Goblin King | King Gerark | Toad King | King Michael | King Gha-Kree | Erlking | King-Cake Killer | King Korozon | Kingmaker | King Ku | Ice King | Monkey King | Locust King | Ozarks Kingpin | #$%& King"
mr.,mrs.,328,-12.777053,19.282775,1,0,Mr Morden | Mr Barbaloot | Mr Fez | Mr Incognito | Mr Mammoth | Mr Prosser | Mr Starr | Mr Gentry | Mr Crenshaw | Mr Lawson | Mr Taylor | Mr Maru | Mr Wenzel | Mr Stefani | Mr. Freeze | Mr. Aquista | Mr. J | Mr. Wolf | Mr. Sanders | Mr. Miracle | Mr. Fun | Mr. Pandora | Mr. Quince | Mr. Harris | Mr. Nice | Mr. Westbrook | Mr. Mind | Mr. Bones | Mr. Bloat | Mr. Hawkes | Mr. Nebula | Mr. Devlin | Mr. Zed | Mr. Able | Mr. Quirk | Mr. Teague | Mr. Milan | Mr. Harold | Mr. Drysdale | Mr. Mortimer | Mr. Z | Mr. Henninger | Mr. Morton | Mr. Brown | Mr. Quinlan | Mr. Thayer Jost | Mr. Terrific | Mr. Ryan | Mr. Lacquer | Mr. Kathie | Mr. Butcher | Mr. Atom | Mr. Zsasz | Mr. Windsor | Mr. Mxyzptlk | Mr. Lime | Mr. Holstrom | Mr. Sutter | Mr. Gromonov | Mr. Pelham | Mr. Jacobs | Mr. Billings | Mr. Farid | Mr. Reedy | Mr. Hunter | Mr. Giddens | Mr. Drake | Mr. Randall | Mr. Peterson | Mr. Kustarto | Mr. Soekardja | Mr. Ferguson | Mr. Toba | Mr. Currier | Mr. Jones | Mr. Gordon | Mr. Sifakis | Mr. Marx | Mr. Wheatley | Mr. Chang | Mr. Combs | Mr. Zalecki | Mr. Kenyon | Mr. Block | Mr. Poseidon | Mr. Forrester | Mr. Corey | Mr. Musto | Mr. Brain | Mr. Astor | Mr. Slotvik | Mr. Keeper | Mr. Scarlet | Mr. J | Mr. Hobbs | Mr. Bragg | Mr. Duffy | Mr. Dallinger | Mr. Vincent | Mr. Marquand | Mr. Mental | Mr. Collins | Mr. Bemis | Mr. Carr | Mr. H. M. Sands | Mr. Wade | Mr. Joby | Mr. Craig | Mr. Green | Mr. Belding | Mr. Green | Mr. Orr | Mr. Nobody | Mr. Whisper | Mr. Socrates | Mr. Gray | Mr. Toad | Mr. Reinmann | Mr. Jones | Mr. Mighty | Mr. Ether | Mr. Magic | Mr. Smyth | Mr. Hammer | Mr. Unknown | Mr. Fixx | Mr. ZZZ | Mr. Spacely | Mr. Tu | Mr. Wrinkles | Mr. Shelton | Mr. Weidemeir | Mr. Van de Voort | Mr. Elson | Mr. Shaver | Mr. Brumley | Mr. Dude | Mr. Banana-Head | Mr. Creedy | Mr. Big | Mr. Moth | Mr. Fancy | Mr. Skism | Mr. Montrose | Mr. Bronson | Mr. Paste | Mr. Plenty | Mr. Bland | Mr. Toxic | Mr. Mosaic | Mr. Combustible | Mr. V | Mr. Fry | Mr. Jones | Mr. Smith | Mr. Alpha | Mr. Happy | Mr. Miracle (Brown) | Mr. Dixon | Mr. Smith | Mr. Bellachek | Mr. Geer | Mr. Neptune | Mr. Camera | Mr. Haight | Mr. Minos | Mr. Tanaka | Mr. Gargoyle | Mr. Baffle | Mr. Twiddle | Mr. Krollim | Mr. Zyg | Mr. Fzk | Mr. Cruzo | Mr. Lawford | Mr. Talbot | Mr. Whitney  | Mr. Reeves | Mr. Batini | Mr. Bentley | Mr. Steele | Mr. Jaeger | Mr. Hawkins | Mr. Rainhard | Mr. Envoy | Mr. Clifford | Mr. Jenks | Mr. Death | Mr. Farrell | Mr. Korensky | Mr. Rice | Mr. Powers | Mr.Velvet | Mr. Dumont | Mr. Hartwicke | Mr. Von Snagworthy | Mr. Oz | Mr. Mortis | Mr. Brown | Mr. Ilongo | Mr. Cogswell | Mr. Zimm | Mr. Biscuits | Mr. Bloom | Mr. Jamison | Mr. Kind | Mr. Goode | Mr. Tanaka | Mr. Treadwell | Mr. Wylie | Mr. Bear | Mr.Wylie | Mr.Sweep | Mr. Green | Mr. Monster | Mr. Zero | Mr. Bandu | Mr. Noxious | Mr. Fantastic | Mr. Immortal | Mr. Sinister | Mr. Hyde | Mr. Bobo | Mr. Hanover | Mr. McMonster | Mr. Dluga | Mr. Zoumas | Mr. Roarke | Mr. Sanders | Mr. Nacht | Mr. Sandoz | Mr. Clean | Mr. Thorpe | Mr. Golog | Mr. Epstein | Mr. Nobody | Mr. Abnormal | Mr. Bumpo | Mr. Johnson | Mr. Fear | Mr. Steed | Mr. Taylor | Mr. Mobius | Mr. Stone | Mr. Chambers | Mr. Big | Mr. Starkey | Mr. Rasputin | Mr. Kline | Mr. Doll | Mr. M | Mr. Payback | Mr. Entertainment | Mr. Horse | Mr. Liberty | Mr. E | Mr. Scratch | Mr. Isley | Mr. Kendall | Mr. Kendall | Mr. O'Donnell | Mr. Termineus | Mr. Lee | Mr. Punch | Mr. Lao | Mr. Van Driessen | Mr. Stevenson | Mr. Veech | Mr. Smythe | Mr. Witwicky | Mr. Beck | Mr. Pain | Mr. Borkowski | Mr. Cohuelo | Mr. Edgerton | Mr. Abbott | Mr. Woodhill | Mr. Oliver | Mr. Regal | Mr. Think | Mr. Macik | Mr. Fantastic Android | Mr. Vale | Mr. Hayworth | Mr. FX | Mr. Sabahnur | Mr. Calm | Mr. Lake | Mr. Ichiki | Mr. Foley | Mr. Gezdbadah | Mr. Lezar | Mr. Price | Mr. West | Mr. Bernard | Mr. Perricone | Mr. Maiscott | Mr. Fraley | Mr. Cuzinski | Mr. Doyle | Mr. Marin | Mr. Kangshaw | Mr. De Millstone | Mr. Miller | Mr. Aldine | Mr. Vayle | Mr. Raven | Mr. Chen | Mr. Toomy | Mr. Oborus | Mr. Fear (Drago) | Mr. Fear (Cranston) | Mr. Blake | Mr. Randall | Mr. Zachary | Mr. Cloot | Mr. Luckberg | Mr. Paine | Mr. Ballard | Mr. Seguri | Mr. Harris | Mr. Zodiac | Mr. Ravina | Mr. Feedle | Mr. Markham | Mr. Hoskins | Mr. Felworth | Mr. O'Doughan
man,woman,526,-5.736636,30.922986,1,0,"Minute Man | Batman | Superman | Aquaman | Robotman | Negative Man | Elongated Man | Fadeaway Man | Owlman | Ragman | Wicker Man | Deadman | Ultraman | Folded Man | Mano | Man-Bat | Plastic Man | Bulletman | Polka-Dot Man | Hawkman | Marksman | Fat Man | Wild Huntsman | Multi-Man | Tin Man | Maxi-Man | Angle Man | The Advance Man | Channelman | Hitman | The Waterman | Candyman | Tiger-Man | Cyborg Superman | Terra-Man | Mantenna | Man-At-Arms | Beast-Man | Man-E-Faces | Mer-Man | Eugene The Invisible Man | Awkwardman | Merryman | Ram-Man | Gray Man | Amazing-Man (Clay) | Manotaur | Calendar Man | Composite Man | Tattooed Man (Tarrant) | Animal Man | Shaggy Man | Lion Man | Catman | Doll Man | Resurrection Man | Gamesman | Floronic Man | The Flying Dutchman | Corrosive Man | Tally Man | Porcupine Man | Infinity Man | Linear Man | Nowhere Man | The Notional Man | Immortal Man | Mothman | Volk The Wolf Man | Bizarro-Shaggy Man | Cryonic Man | Cableman | Mask Man | Earth-Man | Platinum Man | Automan | Menagerie Man | Phantom Spaceman | Kite-Man | The Dodo Man | Superior Man | Stretch Man | Strongman | The Shrinking Man | Signalman | Anti-Matter Man | The Axeman | Funky Flashman | Kryptonite Man | Solarman | Patchwork Man | Phantom Horseman | Manton | Abominable Snowman | The Hanged Man | Doll Man | Hyperman | The Tall Man | Dimension-Man | Mandini The Mage | Prince Ra-Man | Sponge Man | Meteor Man | Volcano Man | Bug Man | The Animal-Vegetable-Mineral Man | The Quadruple Man | Wonder-Man | Astounding Man | Moonman | Immortal Man in Darkness | Socialist Red Guardsman | Spaceman | Everyman | Skyman | Grimbor the Chainsman | Composite Superman | Exomorphic Man | Wingman | Rainbow Man | Electric Man | Lando,Man of Magic | Fisherman | G-Man | Ten-Eyed Man | Johnny Everyman | Bizarro-Aquaman | Fatman | Glass Man | Abominable Snowman | Bagman | Elephant Man | Microwave Man | Overman | Chief Man-of-Bats | Mossman | Wax man | Infinite Man | The Needle Man | The Bad Man | Obeah Man | Vapor Man | Zebra Man | Mandragora | Ice Man | Swagman | 'Mazing Man | Everywhere Man | Elasti-Man | Element Man | Mandark | Schlagg-Man | Murr the Melting Man | Odd Man | Iman | Bat-Man | King Batman | Wonderous Man | Separated Man | Wild Huntsman | Kiman | Mirror Man | Sunshine Superman | Man O' War | Anti-Matterman | Igneous Man | Torpedo Man | Fifth Horseman | The Amazing Bearded Man | Birdman | Seaman | Wackyman | Wallpaper Man | Meteor Man | Blubber Man | Shell-Back Man | Eel Man | Fluorescent Water-Man | Mouse Man | Fireworks Man | King Ra-Man | Snowman | Immortal Bald-Man-In-Armor | Wild Huntsman | Gary Concord the Ultra-Man | Hyperman | Raggedy Man | Plutonium Man | Mirror Man | Ugly Man | Blindman | Hooded Hangman | Red Son Superman | Amoeba-Man | Brazen Man | Macro Man | Picture Man | Smiling Man | Wolverine Man | Bogeyman | Lord Death Man | Nuclear Man | Fabulous Man | Omega Man | J-Man | Garbage Man | Head Man | Wild Huntsman | Paper Man | Milkman | Perforated Man | Amazing-Man (Will Everett) | Amazing-Man (Will Everett III) | Emoticon Man | Tattooed Man (Richards) | Grey Man | Generic Man | The Son of Man | Ray Man | Pale Man | The Irishman | Psi-Fi Man | Tally Man | Batsman | Vitruvian Man | Ferrios the Mechanical Man | Octopus Man | The Haunted Highwayman | Doll Man | Imperceptible Man | Open-Window Man | Multi-Man | Fluid-Man | Coil-Man | G-Man From Heck | Sandman | Snowman | Ape Man | Disgruntled Postman | Man o'War | Backwards Man | Lucky,World's Greatest Stunt Man | Know Man | Bizarro-Hawkman | Presidential Guardsman | Big Man | Caldwell the Candleman | Old Man of the Oceans | Optiman | The Atomic Man | Star-Man | Music Man | The Hangman | Man-Fish | Midnight Man | Rog the Tiger-Man | Turtle Man | Red Rain Batman | Spider Liverman | Mercury Man | Psi-Man | The Shrinking Man | The Accelerated Man | Marvel Man | Ghostman | Morphin' Man | Underwaterman | Atomic Knight Batman | Mer-Man | Vitaman | Tomahawkman | Nth Metal Hawkman | Drowned Man | Powerman | Gaslight Batman | Ultra-Man | Evolution Man | Malleable Man | Hangman | 9 Lives Man | Lawman | Janus The Everyway Man | Super-Man | Feral Man | Solar Superman | Anti-Man | Bat-Man | Cat-Man | Inside-Out Man | Paper Man | Cancero,the Electrical Crab Man | Moon Man | Tiger Man | Squad Superman | Super-Man Zero | Arin the Armored Man | Spider-Man | Iron Man | Iceman | Wonder Man | Absorbing Man | Stilt-Man | Mole Man | Flatman | Doorman | Bogeyman | Power Man Steele | Purple Man | Cobalt Man | 3-D Man (Garrett,Jr.) | Sugar Man | Sandman | Swordsman | Man-Ape | Hydro-Man | Radioactive Man | Man-Thing | Shaman | Manbot | Bugman | Asbestos Man | Forbush Man | Psycho-Man | Machine Man | Powdered Toast Man | Impossible Man | Captain Caveman | Highwayman | Zarrko the Tomorrow Man | Collective Man | Thermal Man | Taxman | Jude the Entropic Man | Comet Man | Optoman | Molten Man | Molecule Man | Headman | Jake The Foreman | Miracle Man | Man-Eater | Titanium Man | Man-Bull | Gorilla-Man | Ape-Man | Cat-Man | Frog-Man | Bird-Man | Man-Beast | Flying Dutchman | X-Man | Master Man | Modular Man | Armageddon Man | Lord Mandragon | Janus the Nega-Man | Shiver Man | Doomsday Man | Demolition Man | The Invisible Man | Ant-Man (Lang) | Molten Man-Thing | Web-Man | Kree Giant-Man | Weatherman | Man-Killer Wolf | Manikin | Man-Mountain Marko | Nth Man | U-Man | Old Man | Kid Marvelman | Young Marvelman | Young Nastyman | Incandescent Man | Strongman | The Hangman | Forever Man | Bushman | Doorman | The Gamesman | Meteor Man | Schizoid Man | Frog-Man | Hitman | Megaman | Winky-Man | The Six-Million Year Man | Man-Tiger | Thin Man | Wild-Man Wilson | Half-Man | Tattooed Man | Doomsman | Abominable Snowman | Fat Man | Seaweed Man | Spider-Man 2099 | Huntsman | Fight-Man | Chairman | Armless Tiger Man | Anything Man | 3-D Man (Chandler) | Straw Man | Danger Man | Garbage Man | Postman | The Man-Serpent | Moon-Man | Rockman | Dynamic Man | Spiders Man | Marvelman | Flexo the Rubber Man | Mad Man | Man-Oo | Videoman | Solarman | Android Man | Spider-Man 2211 | Spider-Man 2211 | Spider-Man Robot | Man-Brute | Highwayman | Gingerbread Man | Mop Man | Soul Man | Anti-Man | Headsman | Highwayman | Drom The Backwards Man | Iron Man 2093 | Skrull Spider-Man | Dark Man | Top Man | Big Man of the Redeemers | Xenophobic Man | The Crooked Man | Dimensional Man | Manphibian | Combo Man | Wishing Man | Old Man | Future Man | The Man With No Face | Symbionic  Man | Forever Man | The Catman | Faceless Man | Strongman | Pseudo-Man | Z Man | Clansman | Hogman | Midnight Man | Invisible Man | Trashcan Man | Power Man (Alvarez) | Infernal-Man | Redshirt,the Über Henchman | Arachnoman | The Spiderman | Nigel Pigman | Mountain Man | Adam Mann | Magnetic Man | Man-Mountain Mario | Streetman | Barrio Man | Cybershaman | Printout Man | Immortal Man | Skinless Man | Mant | Eternity Man | Psider-Man | Woodsman | Monarch Machine Man | Superbman | Tin Man | The Scotsman | Zandow The Strong Man | Goose Man | White Man | Thomas Whitman | Hal Goldman | Waxman | Zalman | Para-Man | Puzzle Man | Tigerman | Bo's'n Mantrax | Ant-Man (Rann) | Negative Forbush Man | Quasar the Future Man | Calvin Halderman | Man-Spider | The Junkman | Man Down Below | The Quiet Man | Yes-Man | Stone-Man Slayer | The Shaman | Mantor | The Gentleman | Iron Man 2099 | Spyder-Man | Shredded Man | Undead G-Man | Flagman | Strongman | Principal Waxman | Giraffe Man | Pig-Man | Great Horned Owl-Man | Man Mountain McCoy | Bro-Man | Repairman | The Blue Man | Manimator | Photoman | Chairman | X-Man | Insect Man | Agent Bagman"
